/syblack/Documents/file_path_pii/testfiles/testdir/GPA edit I9.mov,GPA
/syblack/Documents/file_path_pii/testfiles/confidential recommendation.txt,recommendation
/syblack/Documents/file_path_pii/testfiles/grievance/notes.txt,grievance
/syblack/Documents/file_path_pii/testfiles/drivers license.jpeg,drivers license
/syblack/Documents/file_path_pii/testfiles/confidential recommendation.txt,
/syblack/Documents/file_path_pii/testfiles/testdir/W2.doc,W2
/syblack/Documents/file_path_pii/testfiles/W-2.mp4,W-2
/syblack/Documents/file_path_pii/testfiles/PAF.txt,PAF
/syblack/Documents/file_path_pii/testfiles/NC-4.txt,NC-4
/syblack/Documents/file_path_pii/testfiles/testdir/GPA edit I9.mov,I9
